﻿Designator,Quantity,Value,Footprint,Package,MPN,DNP,Mount_Type,Description,PROD_ID
"9V1, 9V2, BoardInput1, BoardOutput1, Input1, Output1, SIgnalInput1, SIgnalOutput1",8,Conn_01x02_Socket,PinSocket_1x02_P2.54mm_Vertical,,,,tht,"Generic connector, single row, 01x02, script generated",
"C1, C2",2,47u,CP_Elec_5x5.4,,,,smt,Polarized capacitor,
C10,1,330n,C_0603_1608Metric_Pad1.08x0.95mm_HandSolder,,,,smt,Unpolarized capacitor,
"C11, C22, C26, C29, C31, C36, C37, C38, C5, C6, C8, C9",12,100n,C_0603_1608Metric_Pad1.08x0.95mm_HandSolder,,,,smt,Unpolarized capacitor,
"C12, C14, C15, C16, C17, C18, C21, C24, C30, C35",10,1u,C_0603_1608Metric_Pad1.08x0.95mm_HandSolder,,,,smt,Unpolarized capacitor,
"C13, C32",2,1n,C_0603_1608Metric_Pad1.08x0.95mm_HandSolder,,,,smt,Unpolarized capacitor,
C19,1,220p,C_0603_1608Metric_Pad1.08x0.95mm_HandSolder,,,,smt,Unpolarized capacitor,
"C20, C28",2,470p,C_0603_1608Metric_Pad1.08x0.95mm_HandSolder,,,,smt,Unpolarized capacitor,
"C23, C25, C27",3,2n2,C_0603_1608Metric_Pad1.08x0.95mm_HandSolder,,,,smt,Unpolarized capacitor,
"C3, C4",2,20p,C_0603_1608Metric_Pad1.08x0.95mm_HandSolder,,,,smt,Unpolarized capacitor,
C34,1,10u,C_1206_3216Metric_Pad1.33x1.80mm_HandSolder,,,,smt,Unpolarized capacitor,
C7,1,100u,CP_Elec_6.3x5.4,,,,smt,Polarized capacitor,
"D1, D12",2,1N5817,D_DO-41_SOD81_P10.16mm_Horizontal,,,,tht,"20V 1A Schottky Barrier Rectifier Diode, DO-41",
"D10, D11, D3, D4, D5, D6, D7, D8, D9",9,1N914,D_SOD-323_HandSoldering,,,,smt,"DO-35 Diode, Small Signal, Fast Switching, 75V, 200mA, 4ns, Alternate KiCad Library",
D2,1,LED,LED_D5.0mm,,,,tht,Light emitting diode,LED-
J1,1,USB_B_Micro,USB_Micro-AB_Molex_47590-0001,,,,smt,USB Micro Type B connector,
"J4, J5, J6",3,Conn_01x13,PinSocket_1x13_P2.54mm_Vertical,,,,tht,"Generic connector, single row, 01x13, script generated (kicad-library-utils/schlib/autogen/connector/)",
J7,1,Conn_01x13,PinHeader_1x13_P2.54mm_Vertical,,,,tht,"Generic connector, single row, 01x13, script generated (kicad-library-utils/schlib/autogen/connector/)",
J8,1,Barrel_Jack_MountingPin,BarrelJack_Horizontal,,,,tht,DC Barrel Jack with a mounting pin,
"R1, R2, R25",3,10K,R_0603,,,,smt,Resistor,
"R10, R13, R16, R26, R3",5,1K,R_0603,,,,smt,Resistor,
"R11, R12",2,1M,R_0603,,,,smt,Resistor,
R14,1,20K,R_0603,,,,smt,Resistor,
"R15, R23",2,100,R_0603,,,,smt,Resistor,
"R17, R18, R19, R20, R21, R22, R30, R31, R5",9,15K,R_0603,,,,smt,Resistor,
"R24, R7, R8, R9",4,100K,R_0603,,,,smt,Resistor,
R27,1,4K7,R_0603,,,,smt,Resistor,
R28,1,470,R_0603,,,,smt,Resistor,
R4,1,2k2,R_0603,,,,smt,Resistor,
R6,1,4k7,R_0603,,,,smt,Resistor,
"RV1, RV2, RV3, RV4, RV6",5,100K,Pot_9mm_Knurl_NoDet,,,,tht,Potentiometer with a mounting pin,
"RV5, RV7",2,B10K,Pot_9mm_Knurl_NoDet,,,,tht,Potentiometer with a mounting pin,
SW1,1,SW_SPDT,3PDT,,,,smt,"Switch, single pole double throw",
SW2,1,SW_Rotary_1x8_MP,SR16,,,,smt,"Rotary switch 1x8, SP8T with mount point",
SW3,1,SW_SPDT,SW_Toggle_Blue_wSlots,,,,tht,"Switch, single pole double throw",
U1,1,SPN1001,SOIC-28W_7.5x17.9mm_P1.27mm,,,,smt,"Spin Semiconductor FV-1 Reverb IC, SOIC-28W",
U2,1,L78L33_TO92,TO-92_Inline,,,,tht,"Positive 100mA 30V Linear Regulator, Fixed Output 3.3V, TO-92",
U3,1,24LC32,DIP-8_W7.62mm_Socket,,,,tht,"I2C Serial EEPROM, 32Kb, DIP-8/SOIC-8/TSSOP-8/DFN-8",
U4,1,CH341A,SOIC-28W_7.5x18.7mm_P1.27mm,,,,smt,,
U5,1,4049,CERDIP-16_W7.62mm_SideBrazed,,,,tht,Hex Buffer Inverter,
U6,1,TL074,DIP-14_W7.62mm_Socket,,,,tht,"Quad Low-Noise JFET-Input Operational Amplifiers, DIP-14/SOIC-14",
Y1,1,12Mhz,Crystal_HC49-4H_Vertical,,,,tht,Two pin crystal,
