﻿pos_x,pos_y,rotation,side,designator,mpn,pack,footprint,value,mount_type,place
73.15,-26.925,-90.0,top,9V1,,,PinSocket_1x02_P2.54mm_Vertical,Conn_01x02_Socket,tht,True
3.85,-97.0,90.0,top,9V2,,,PinSocket_1x02_P2.54mm_Vertical,Conn_01x02_Socket,tht,True
3.85,-100.575,90.0,top,BoardInput1,,,PinSocket_1x02_P2.54mm_Vertical,Conn_01x02_Socket,tht,True
-21.9425,-97.134047,90.0,top,BoardOutput1,,,PinSocket_1x02_P2.54mm_Vertical,Conn_01x02_Socket,tht,True
67.3,-20.0,90.0,top,C1,,,CP_Elec_5x5.4,47u,smt,True
66.3,-13.0,-90.0,top,C10,,,C_0603_1608Metric_Pad1.08x0.95mm_HandSolder,330n,smt,True
96.3,-59.4,-90.0,top,C11,,,C_0603_1608Metric_Pad1.08x0.95mm_HandSolder,100n,smt,True
95.687499,-40.362501,-90.0,top,C12,,,C_0603_1608Metric_Pad1.08x0.95mm_HandSolder,1u,smt,True
93.15,-39.5,180.0,top,C13,,,C_0603_1608Metric_Pad1.08x0.95mm_HandSolder,1n,smt,True
88.5,-42.3,-90.0,top,C14,,,C_0603_1608Metric_Pad1.08x0.95mm_HandSolder,1u,smt,True
73.8,-41.7,-90.0,top,C15,,,C_0603_1608Metric_Pad1.08x0.95mm_HandSolder,1u,smt,True
73.9,-44.5,180.0,top,C16,,,C_0603_1608Metric_Pad1.08x0.95mm_HandSolder,1u,smt,True
74.8,-49.8,0.0,top,C17,,,C_0603_1608Metric_Pad1.08x0.95mm_HandSolder,1u,smt,True
92.6,-51.9,0.0,top,C18,,,C_0603_1608Metric_Pad1.08x0.95mm_HandSolder,1u,smt,True
47.9,-45.7,0.0,top,C19,,,C_0603_1608Metric_Pad1.08x0.95mm_HandSolder,220p,smt,True
73.2,-20.0,90.0,top,C2,,,CP_Elec_5x5.4,47u,smt,True
93.5,-54.3,90.0,top,C20,,,C_0603_1608Metric_Pad1.08x0.95mm_HandSolder,470p,smt,True
63.0,-56.5,0.0,top,C21,,,C_0603_1608Metric_Pad1.08x0.95mm_HandSolder,1u,smt,True
89.662501,-36.8,180.0,top,C22,,,C_0603_1608Metric_Pad1.08x0.95mm_HandSolder,100n,smt,True
68.4,-42.7,180.0,top,C23,,,C_0603_1608Metric_Pad1.08x0.95mm_HandSolder,2n2,smt,True
73.9,-46.3,180.0,top,C24,,,C_0603_1608Metric_Pad1.08x0.95mm_HandSolder,1u,smt,True
68.5,-48.1,0.0,top,C25,,,C_0603_1608Metric_Pad1.08x0.95mm_HandSolder,2n2,smt,True
42.7,-5.9,90.0,bottom,C26,,,C_0603_1608Metric_Pad1.08x0.95mm_HandSolder,100n,smt,True
45.0,-9.9,-90.0,top,C27,,,C_0603_1608Metric_Pad1.08x0.95mm_HandSolder,2n2,smt,True
71.5,-53.0,90.0,top,C28,,,C_0603_1608Metric_Pad1.08x0.95mm_HandSolder,470p,smt,True
89.6,-39.4,180.0,top,C29,,,C_0603_1608Metric_Pad1.08x0.95mm_HandSolder,100n,smt,True
98.4375,-11.5,180.0,top,C3,,,C_0603_1608Metric_Pad1.08x0.95mm_HandSolder,20p,smt,True
95.687499,-43.818751,90.0,top,C30,,,C_0603_1608Metric_Pad1.08x0.95mm_HandSolder,1u,smt,True
88.0,-26.0,90.0,top,C31,,,C_0603_1608Metric_Pad1.08x0.95mm_HandSolder,100n,smt,True
93.15,-44.65625,180.0,top,C32,,,C_0603_1608Metric_Pad1.08x0.95mm_HandSolder,1n,smt,True
-6.2,-92.5,0.0,top,C34,,,C_1206_3216Metric_Pad1.33x1.80mm_HandSolder,10u,smt,True
41.2,-5.9,90.0,bottom,C35,,,C_0603_1608Metric_Pad1.08x0.95mm_HandSolder,1u,smt,True
88.5,-57.7,45.0,bottom,C36,,,C_0603_1608Metric_Pad1.08x0.95mm_HandSolder,100n,smt,True
75.9,-57.9,0.0,bottom,C37,,,C_0603_1608Metric_Pad1.08x0.95mm_HandSolder,100n,smt,True
45.9,-26.8,0.0,top,C38,,,C_0603_1608Metric_Pad1.08x0.95mm_HandSolder,100n,smt,True
93.6,-11.5,180.0,top,C4,,,C_0603_1608Metric_Pad1.08x0.95mm_HandSolder,20p,smt,True
103.3,-38.0,0.0,bottom,C5,,,C_0603_1608Metric_Pad1.08x0.95mm_HandSolder,100n,smt,True
70.437499,-58.4,180.0,top,C6,,,C_0603_1608Metric_Pad1.08x0.95mm_HandSolder,100n,smt,True
67.9,-6.5,90.0,top,C7,,,CP_Elec_6.3x5.4,100u,smt,True
63.5,-8.0,90.0,top,C8,,,C_0603_1608Metric_Pad1.08x0.95mm_HandSolder,100n,smt,True
62.7,-17.1,0.0,top,C9,,,C_0603_1608Metric_Pad1.08x0.95mm_HandSolder,100n,smt,True
73.1,-12.26,90.0,top,D1,,,D_DO-41_SOD81_P10.16mm_Horizontal,1N5817,tht,True
16.8,-43.3,-90.0,top,D10,,,D_SOD-323_HandSoldering,1N914,smt,True
16.8,-39.2,-90.0,top,D11,,,D_SOD-323_HandSoldering,1N914,smt,True
89.12,-7.9,0.0,top,D12,,,D_DO-41_SOD81_P10.16mm_Horizontal,1N5817,tht,True
-9.075,-86.6,0.0,top,D2,,,LED_D5.0mm,LED,tht,True
34.4,-45.8,-90.0,top,D3,,,D_SOD-323_HandSoldering,1N914,smt,True
36.6,-45.8,-90.0,top,D4,,,D_SOD-323_HandSoldering,1N914,smt,True
34.4,-41.7,-90.0,top,D5,,,D_SOD-323_HandSoldering,1N914,smt,True
16.8,-59.7,-90.0,top,D6,,,D_SOD-323_HandSoldering,1N914,smt,True
16.8,-55.6,-90.0,top,D7,,,D_SOD-323_HandSoldering,1N914,smt,True
16.8,-51.5,-90.0,top,D8,,,D_SOD-323_HandSoldering,1N914,smt,True
16.8,-47.4,-90.0,top,D9,,,D_SOD-323_HandSoldering,1N914,smt,True
100.725,-56.95,0.0,top,Input1,,,PinSocket_1x02_P2.54mm_Vertical,Conn_01x02_Socket,tht,True
92.95,-2.125,180.0,top,J1,,,USB_Micro-AB_Molex_47590-0001,USB_B_Micro,smt,True
56.7,-13.8,0.0,top,J4,,,PinSocket_1x13_P2.54mm_Vertical,Conn_01x13,tht,True
106.7,-13.8,0.0,top,J5,,,PinSocket_1x13_P2.54mm_Vertical,Conn_01x13,tht,True
2.0,-13.8,180.0,bottom,J6,,,PinSocket_1x13_P2.54mm_Vertical,Conn_01x13,tht,True
52.0,-13.8,180.0,bottom,J7,,,PinHeader_1x13_P2.54mm_Vertical,Conn_01x13,tht,True
81.6575,-13.8,-90.0,top,J8,,,BarrelJack_Horizontal,Barrel_Jack_MountingPin,tht,True
63.95,-61.175,90.0,top,Output1,,,PinSocket_1x02_P2.54mm_Vertical,Conn_01x02_Socket,tht,True
68.7,-13.8,180.0,top,R1,,,R_0603,10K,smt,True
94.7,-59.4,90.0,top,R10,,,R_0603,1K,smt,True
98.0,-59.4,90.0,top,R11,,,R_0603,1M,smt,True
92.2,-59.4,90.0,top,R12,,,R_0603,1M,smt,True
93.15,-41.2,180.0,top,R13,,,R_0603,1K,smt,True
44.3,-45.8,180.0,top,R14,,,R_0603,20K,smt,True
71.6,-40.3,-90.0,top,R15,,,R_0603,100,smt,True
70.3,-44.5,180.0,top,R16,,,R_0603,1K,smt,True
78.5,-49.8,0.0,top,R17,,,R_0603,15K,smt,True
95.9,-51.9,0.0,top,R18,,,R_0603,15K,smt,True
83.4,-49.8,180.0,top,R19,,,R_0603,15K,smt,True
68.7,-12.1,0.0,top,R2,,,R_0603,10K,smt,True
81.0,-48.9,-90.0,top,R20,,,R_0603,15K,smt,True
91.8,-56.0,-90.0,top,R21,,,R_0603,15K,smt,True
95.0,-54.3,90.0,top,R22,,,R_0603,15K,smt,True
63.0,-54.7,180.0,top,R23,,,R_0603,100,smt,True
63.1,-58.3,0.0,top,R24,,,R_0603,100K,smt,True
22.5,-9.8,-90.0,top,R25,,,R_0603,10K,smt,True
70.3,-46.3,180.0,top,R26,,,R_0603,1K,smt,True
22.5,-6.5,-90.0,top,R27,,,R_0603,4K7,smt,True
-5.5,-90.6,180.0,top,R28,,,R_0603,470,smt,True
93.15,-42.95625,180.0,top,R3,,,R_0603,1K,smt,True
66.7,-44.5,0.0,top,R30,,,R_0603,15K,smt,True
69.9,-53.0,-90.0,top,R31,,,R_0603,15K,smt,True
92.85,-38.0,0.0,bottom,R4,,,R_0603,2k2,smt,True
7.0,-45.2,180.0,top,R5,,,R_0603,15K,smt,True
-5.5,-94.5,0.0,top,R6,,,R_0603,4k7,smt,True
18.1,-26.6,0.0,top,R7,,,R_0603,100K,smt,True
18.0,-29.0,0.0,top,R8,,,R_0603,100K,smt,True
18.0,-31.6,0.0,top,R9,,,R_0603,100K,smt,True
9.0,-17.5,180.0,top,RV1,,,Pot_9mm_Knurl_NoDet,100K,tht,True
9.0,-35.5,180.0,top,RV2,,,Pot_9mm_Knurl_NoDet,100K,tht,True
27.0,-35.5,180.0,top,RV3,,,Pot_9mm_Knurl_NoDet,100K,tht,True
45.0,-35.5,180.0,top,RV4,,,Pot_9mm_Knurl_NoDet,100K,tht,True
45.0,-17.5,180.0,top,RV5,,,Pot_9mm_Knurl_NoDet,B10K,tht,True
27.0,-17.5,180.0,top,RV6,,,Pot_9mm_Knurl_NoDet,100K,tht,True
9.0,-53.5,180.0,top,RV7,,,Pot_9mm_Knurl_NoDet,B10K,tht,True
3.8575,-104.134047,90.0,top,SIgnalInput1,,,PinSocket_1x02_P2.54mm_Vertical,Conn_01x02_Socket,tht,True
-22.0425,-104.134047,90.0,top,SIgnalOutput1,,,PinSocket_1x02_P2.54mm_Vertical,Conn_01x02_Socket,tht,True
-7.7925,-104.059047,180.0,top,SW1,,,3PDT,SW_SPDT,smt,True
27.0,-53.5,-135.0,top,SW2,,,SR16,SW_Rotary_1x8_MP,smt,True
45.0,-53.5,-90.0,top,SW3,,,SW_Toggle_Blue_wSlots,SW_SPDT,tht,True
81.7,-37.5,180.0,top,U1,,,SOIC-28W_7.5x17.9mm_P1.27mm,SPN1001,smt,True
63.5,-14.1,90.0,top,U2,,,TO-92_Inline,L78L33_TO92,tht,True
85.6,-18.5,-90.0,top,U3,,,DIP-8_W7.62mm_Socket,24LC32,tht,True
96.8,-27.585,0.0,bottom,U4,,,SOIC-28W_7.5x18.7mm_P1.27mm,CH341A,smt,True
42.69,-2.995,-90.0,top,U5,,,CERDIP-16_W7.62mm_SideBrazed,4049,tht,True
73.98,-59.72,90.0,top,U6,,,DIP-14_W7.62mm_Socket,TL074,tht,True
99.35,-15.1,180.0,top,Y1,,,Crystal_HC49-4H_Vertical,12Mhz,tht,True
